HOST,STATUS,QUERY
"192.168.0.1","200","/authenticate-user?username=matthew.hollick&password=kpopfan"
"194.117.22.250","INVALID_JSON","keepalive"
"62.31.12.203","200","keepalive"
"62.31.12.203","200","keepalive"
"180.176.166.165","NOT_A_NUMBER","keepalive"
"62.31.12.203","200","username=matthew.hollick&password=kpopfan"
"62.31.12.203","200","keepalive"
"62.31.12.203","200","keepalive"
"62.31.12.203","INVALID_JSON","username=matthew.hollick&password=kpopfan"
"62.31.12.203","200","username=matthew.hollick&password=kpopfan"
"62.31.12.203","200","keepalive"
"62.31.12.203","200","keepalive"
"157.23.113.217","200","username=matthew.hollick&password=kpopfan"
"41.12.81.206","503","username=matthew.hollick&password=kpopfan"
"57.63.125.194","503","keepalive"
"146.108.160.92","503","username=matthew.hollick&password=kpopfan"
"4.6.230.196","503","keepalive"
"62.31.12.203","NOT_A_NUMBER","keepalive"
"85.167.227.213","200","username=matthew.hollick&password=kpopfan"
"62.31.12.203","200","username=matthew.hollick&password=kpopfan"
"135.47.28.22","200","keepalive"
"43.98.52.232","503","username=matthew.hollick&password=kpopfan"
"62.31.12.203","INVALID_JSON","keepalive"
"231.81.71.253","200","keepalive"
"62.31.12.203","200","keepalive"
"153.250.82.167","200","keepalive"
"117.47.63.225","200","keepalive"
"62.31.12.203","503","keepalive"
"62.31.12.203","200","keepalive"
"115.143.194.102","INVALID_JSON","username=matthew.hollick&password=kpopfan"
"62.31.12.203","200","username=matthew.hollick&password=kpopfan"
"26.106.80.41","200","username=matthew.hollick&password=kpopfan"
"42.104.194.18","200","username=matthew.hollick&password=kpopfan"
"62.31.12.203","503","keepalive"
"62.31.12.203","NOT_A_NUMBER","username=matthew.hollick&password=kpopfan"
"132.56.87.240","200","keepalive"
"178.235.74.246","503","username=matthew.hollick&password=kpopfan"
"62.31.12.203","INVALID_JSON","username=matthew.hollick&password=kpopfan"
"62.31.12.203","503","username=matthew.hollick&password=kpopfan"
"62.31.12.203","503","keepalive"
"3.245.66.48","503","username=matthew.hollick&password=kpopfan"
"58.223.24.76","200","keepalive"
"251.108.187.201","NOT_A_NUMBER","keepalive"
"62.31.12.203","200","username=matthew.hollick&password=kpopfan"
"62.31.12.203","200","username=matthew.hollick&password=kpopfan"
"62.31.12.203","200","username=matthew.hollick&password=kpopfan"
"62.31.12.203","200","keepalive"
"115.14.67.4","200","username=matthew.hollick&password=kpopfan"
"62.31.12.203","200","keepalive"
"62.31.12.203","NOT_A_NUMBER","keepalive"
"62.31.12.203","200","keepalive"
"62.31.12.203","503","username=matthew.hollick&password=kpopfan"
"62.31.12.203","INVALID_JSON","username=matthew.hollick&password=kpopfan"
"166.127.39.225","NOT_A_NUMBER","keepalive"
"84.84.218.92","200","keepalive"
"154.168.236.252","INVALID_JSON","keepalive"
"88.248.19.35","200","keepalive"
"62.31.12.203","200","username=matthew.hollick&password=kpopfan"
"223.104.237.188","200","username=matthew.hollick&password=kpopfan"
"134.162.160.130","200","keepalive"
"164.43.154.250","503","username=matthew.hollick&password=kpopfan"
"62.31.12.203","200","username=matthew.hollick&password=kpopfan"
"93.103.141.87","200","keepalive"
"62.31.12.203","200","keepalive"
"62.31.12.203","503","username=matthew.hollick&password=kpopfan"
"236.94.190.0","200","keepalive"
"62.31.12.203","200","keepalive"
"62.31.12.203","200","keepalive"
"62.31.12.203","NOT_A_NUMBER","username=matthew.hollick&password=kpopfan"
"74.61.99.247","200","username=matthew.hollick&password=kpopfan"
"236.191.66.232","200","username=matthew.hollick&password=kpopfan"
"62.31.12.203","503","username=matthew.hollick&password=kpopfan"
"62.31.12.203","200","keepalive"
"62.31.12.203","200","username=matthew.hollick&password=kpopfan"
"62.31.12.203","INVALID_JSON","username=matthew.hollick&password=kpopfan"
"30.186.206.251","NOT_A_NUMBER","username=matthew.hollick&password=kpopfan"
"26.157.181.141","200","keepalive"
"62.31.12.203","200","username=matthew.hollick&password=kpopfan"
"62.31.12.203","NOT_A_NUMBER","username=matthew.hollick&password=kpopfan"
"2.216.85.114","503","username=matthew.hollick&password=kpopfan"
"62.31.12.203","200","keepalive"
"22.89.207.253","200","username=matthew.hollick&password=kpopfan"
"154.154.173.253","200","keepalive"
"181.160.95.98","200","keepalive"
"62.31.12.203","200","keepalive"
"236.207.105.248","200","username=matthew.hollick&password=kpopfan"
"62.31.12.203","200","keepalive"
"83.143.121.8","NOT_A_NUMBER","keepalive"
"65.103.184.37","200","keepalive"
"62.31.12.203","NOT_A_NUMBER","username=matthew.hollick&password=kpopfan"
"62.31.12.203","200","keepalive"
"62.31.12.203","200","username=matthew.hollick&password=kpopfan"
"62.31.12.203","200","username=matthew.hollick&password=kpopfan"
"62.31.12.203","NOT_A_NUMBER","username=matthew.hollick&password=kpopfan"
"109.239.252.254","503","keepalive"
"129.33.172.54","503","keepalive"
"62.31.12.203","200","username=matthew.hollick&password=kpopfan"
"62.31.12.203","NOT_A_NUMBER","username=matthew.hollick&password=kpopfan"
"240.238.43.148","503","username=matthew.hollick&password=kpopfan"
"62.31.12.203","200","username=matthew.hollick&password=kpopfan"
"6.109.192.53","INVALID_JSON","keepalive"
"62.31.12.203","NOT_A_NUMBER","keepalive"
"62.31.12.203","503","keepalive"
"148.89.106.51","200","keepalive"
"129.141.148.28","200","username=matthew.hollick&password=kpopfan"
"62.31.12.203","200","username=matthew.hollick&password=kpopfan"
"62.31.12.203","503","username=matthew.hollick&password=kpopfan"
"57.97.215.88","503","keepalive"
"158.23.63.186","503","username=matthew.hollick&password=kpopfan"
"62.31.12.203","200","username=matthew.hollick&password=kpopfan"
"62.31.12.203","200","username=matthew.hollick&password=kpopfan"
"141.211.37.20","503","username=matthew.hollick&password=kpopfan"
"62.31.12.203","200","username=matthew.hollick&password=kpopfan"
"7.43.29.128","200","username=matthew.hollick&password=kpopfan"
"148.222.101.14","200","keepalive"
"108.151.203.89","200","username=matthew.hollick&password=kpopfan"
"66.181.108.28","200","username=matthew.hollick&password=kpopfan"
"63.147.91.27","200","username=matthew.hollick&password=kpopfan"
"152.95.44.154","200","username=matthew.hollick&password=kpopfan"
"37.31.212.23","503","username=matthew.hollick&password=kpopfan"
"62.31.12.203","NOT_A_NUMBER","username=matthew.hollick&password=kpopfan"
"62.31.12.203","200","keepalive"
"62.31.12.203","200","keepalive"
"104.157.10.64","200","keepalive"
"254.36.115.215","NOT_A_NUMBER","username=matthew.hollick&password=kpopfan"
"17.124.123.87","200","keepalive"
"62.31.12.203","503","keepalive"
"58.189.84.148","200","username=matthew.hollick&password=kpopfan"
"62.31.12.203","503","keepalive"
"131.81.133.59","200","username=matthew.hollick&password=kpopfan"
"95.172.12.1","503","keepalive"
"62.31.12.203","200","keepalive"
"34.190.6.169","503","keepalive"
"62.31.12.203","200","username=matthew.hollick&password=kpopfan"
"130.154.202.21","503","username=matthew.hollick&password=kpopfan"
"8.169.7.140","200","username=matthew.hollick&password=kpopfan"
"62.31.12.203","503","username=matthew.hollick&password=kpopfan"
"185.12.45.16","503","username=matthew.hollick&password=kpopfan"
"62.31.12.203","503","username=matthew.hollick&password=kpopfan"
"62.31.12.203","200","username=matthew.hollick&password=kpopfan"
"53.89.99.251","503","username=matthew.hollick&password=kpopfan"
"62.31.12.203","NOT_A_NUMBER","keepalive"
"155.31.156.11","200","username=matthew.hollick&password=kpopfan"
"62.31.12.203","200","keepalive"
"62.31.12.203","INVALID_JSON","username=matthew.hollick&password=kpopfan"
"62.31.12.203","200","username=matthew.hollick&password=kpopfan"
"62.31.12.203","503","username=matthew.hollick&password=kpopfan"
"172.23.202.54","503","username=matthew.hollick&password=kpopfan"
"64.50.115.217","503","username=matthew.hollick&password=kpopfan"
"62.31.12.203","200","username=matthew.hollick&password=kpopfan"
"205.157.50.87","NOT_A_NUMBER","username=matthew.hollick&password=kpopfan"
"62.31.12.203","200","username=matthew.hollick&password=kpopfan"
"62.31.12.203","200","keepalive"
"208.108.104.54","200","keepalive"
"62.31.12.203","200","keepalive"
"62.31.12.203","503","keepalive"
"146.211.227.255","503","keepalive"
"62.31.12.203","200","keepalive"
"179.211.2.78","200","keepalive"
"62.31.12.203","503","username=matthew.hollick&password=kpopfan"
"156.130.133.124","200","username=matthew.hollick&password=kpopfan"
"62.31.12.203","200","keepalive"
"62.31.12.203","200","keepalive"
"210.173.54.30","503","username=matthew.hollick&password=kpopfan"
"240.27.237.154","200","username=matthew.hollick&password=kpopfan"
"21.249.253.145","INVALID_JSON","username=matthew.hollick&password=kpopfan"
"246.217.30.235","200","username=matthew.hollick&password=kpopfan"
"62.31.12.203","200","username=matthew.hollick&password=kpopfan"
"245.113.188.0","200","username=matthew.hollick&password=kpopfan"
"155.190.214.129","200","keepalive"
"62.31.12.203","503","keepalive"
"196.179.191.171","200","keepalive"
"62.243.72.111","200","keepalive"
"62.31.12.203","INVALID_JSON","username=matthew.hollick&password=kpopfan"
"5.31.41.23","INVALID_JSON","username=matthew.hollick&password=kpopfan"
"166.168.22.207","503","username=matthew.hollick&password=kpopfan"
"62.31.12.203","200","keepalive"
"0.198.25.77","200","username=matthew.hollick&password=kpopfan"
"62.31.12.203","200","keepalive"
"62.31.12.203","200","keepalive"
"62.31.12.203","200","username=matthew.hollick&password=kpopfan"
"62.31.12.203","503","username=matthew.hollick&password=kpopfan"
"108.238.42.98","200","username=matthew.hollick&password=kpopfan"
"62.31.12.203","200","keepalive"
"62.31.12.203","INVALID_JSON","username=matthew.hollick&password=kpopfan"
"10.215.87.250","200","username=matthew.hollick&password=kpopfan"
"76.105.53.9","200","keepalive"
"148.220.11.115","200","username=matthew.hollick&password=kpopfan"
"210.152.147.248","200","username=matthew.hollick&password=kpopfan"
"207.42.85.144","200","keepalive"
"62.31.12.203","503","username=matthew.hollick&password=kpopfan"
"241.75.183.184","200","username=matthew.hollick&password=kpopfan"
"62.31.12.203","200","username=matthew.hollick&password=kpopfan"
"62.31.12.203","NOT_A_NUMBER","username=matthew.hollick&password=kpopfan"
"62.31.12.203","200","username=matthew.hollick&password=kpopfan"
"162.165.254.38","200","keepalive"
"62.31.12.203","503","keepalive"
"62.31.12.203","200","username=matthew.hollick&password=kpopfan"
"62.31.12.203","INVALID_JSON","username=matthew.hollick&password=kpopfan"
"62.31.12.203","200","keepalive"
"255.25.164.179","503","keepalive"
"155.208.106.159","200","username=matthew.hollick&password=kpopfan"
"53.253.122.192","503","keepalive"
"62.31.12.203","503","username=matthew.hollick&password=kpopfan"
"62.31.12.203","INVALID_JSON","keepalive"
"227.100.238.236","NOT_A_NUMBER","username=matthew.hollick&password=kpopfan"
"62.31.12.203","200","keepalive"
"62.31.12.203","200","keepalive"
"56.180.73.153","200","username=matthew.hollick&password=kpopfan"
"118.249.172.247","NOT_A_NUMBER","keepalive"
"76.64.191.175","503","username=matthew.hollick&password=kpopfan"
"62.31.12.203","200","username=matthew.hollick&password=kpopfan"
"62.31.12.203","200","keepalive"
"62.31.12.203","NOT_A_NUMBER","username=matthew.hollick&password=kpopfan"
"62.31.12.203","200","username=matthew.hollick&password=kpopfan"
"231.62.18.203","503","keepalive"
"62.31.12.203","503","username=matthew.hollick&password=kpopfan"
"62.31.12.203","503","keepalive"
"5.186.49.173","200","keepalive"
"99.199.27.25","INVALID_JSON","keepalive"
"78.108.174.153","200","keepalive"
"62.31.12.203","200","username=matthew.hollick&password=kpopfan"
"176.91.201.64","200","keepalive"
"35.171.255.64","503","keepalive"
"62.31.12.203","200","username=matthew.hollick&password=kpopfan"
"62.31.12.203","INVALID_JSON","keepalive"
"62.31.12.203","INVALID_JSON","username=matthew.hollick&password=kpopfan"
"62.31.12.203","503","username=matthew.hollick&password=kpopfan"
"2.70.32.218","200","keepalive"
"62.31.12.203","200","username=matthew.hollick&password=kpopfan"
"48.217.9.106","INVALID_JSON","keepalive"
"191.42.145.73","200","keepalive"
"62.31.12.203","200","keepalive"
"62.31.12.203","200","keepalive"
"62.31.12.203","200","username=matthew.hollick&password=kpopfan"
"158.234.21.35","200","keepalive"
"62.31.12.203","200","username=matthew.hollick&password=kpopfan"
"62.31.12.203","NOT_A_NUMBER","keepalive"
"62.31.12.203","200","username=matthew.hollick&password=kpopfan"
"171.162.230.174","503","username=matthew.hollick&password=kpopfan"
"62.31.12.203","200","username=matthew.hollick&password=kpopfan"
"62.31.12.203","200","keepalive"
"62.31.12.203","503","keepalive"
"62.31.12.203","200","username=matthew.hollick&password=kpopfan"
"74.126.55.164","503","username=matthew.hollick&password=kpopfan"
"62.31.12.203","503","username=matthew.hollick&password=kpopfan"
"62.31.12.203","200","username=matthew.hollick&password=kpopfan"
"62.31.12.203","200","keepalive"
"122.35.9.174","200","keepalive"
"62.31.12.203","200","keepalive"
"230.13.192.159","503","username=matthew.hollick&password=kpopfan"
"62.31.12.203","INVALID_JSON","keepalive"
"62.31.12.203","NOT_A_NUMBER","username=matthew.hollick&password=kpopfan"
"109.11.146.28","INVALID_JSON","username=matthew.hollick&password=kpopfan"
"201.227.198.250","200","username=matthew.hollick&password=kpopfan"
"12.138.134.19","200","username=matthew.hollick&password=kpopfan"
"62.31.12.203","200","username=matthew.hollick&password=kpopfan"
"62.31.12.203","503","username=matthew.hollick&password=kpopfan"
"137.246.138.173","200","username=matthew.hollick&password=kpopfan"
"70.20.194.115","200","username=matthew.hollick&password=kpopfan"
"62.31.12.203","200","keepalive"
"62.31.12.203","NOT_A_NUMBER","username=matthew.hollick&password=kpopfan"
"114.9.32.170","NOT_A_NUMBER","keepalive"
"62.31.12.203","503","keepalive"
"62.31.12.203","200","keepalive"
"62.31.12.203","200","username=matthew.hollick&password=kpopfan"
"151.47.62.108","INVALID_JSON","keepalive"
"62.31.12.203","200","username=matthew.hollick&password=kpopfan"
"62.31.12.203","200","keepalive"
"62.31.12.203","200","username=matthew.hollick&password=kpopfan"
"62.31.12.203","503","keepalive"
"80.163.70.95","200","username=matthew.hollick&password=kpopfan"
"229.50.187.31","200","keepalive"
"62.31.12.203","200","keepalive"
"62.31.12.203","200","keepalive"
"118.226.73.162","200","username=matthew.hollick&password=kpopfan"
"225.223.0.203","200","username=matthew.hollick&password=kpopfan"
"62.31.12.203","503","username=matthew.hollick&password=kpopfan"
"115.106.140.60","INVALID_JSON","username=matthew.hollick&password=kpopfan"
"125.4.1.64","200","username=matthew.hollick&password=kpopfan"
"218.2.52.8","200","username=matthew.hollick&password=kpopfan"
"62.31.12.203","200","username=matthew.hollick&password=kpopfan"
"94.72.23.169","503","username=matthew.hollick&password=kpopfan"
"62.31.12.203","503","keepalive"
"62.31.12.203","200","keepalive"
"62.31.12.203","NOT_A_NUMBER","username=matthew.hollick&password=kpopfan"
"111.53.209.85","200","keepalive"
"62.31.12.203","503","keepalive"
"62.31.12.203","200","username=matthew.hollick&password=kpopfan"
"62.31.12.203","200","username=matthew.hollick&password=kpopfan"
"62.31.12.203","200","keepalive"
"220.83.53.231","200","username=matthew.hollick&password=kpopfan"
"62.31.12.203","200","username=matthew.hollick&password=kpopfan"
"156.207.48.75","200","keepalive"
"209.133.77.141","200","keepalive"
"66.39.64.32","200","keepalive"
"168.13.80.233","200","username=matthew.hollick&password=kpopfan"
"133.88.122.58","200","username=matthew.hollick&password=kpopfan"
"179.192.74.21","503","keepalive"
"62.31.12.203","200","keepalive"
"62.31.12.203","200","keepalive"
"62.31.12.203","503","keepalive"
"84.128.60.209","200","username=matthew.hollick&password=kpopfan"
"215.79.159.97","200","username=matthew.hollick&password=kpopfan"
"62.31.12.203","200","keepalive"
"132.14.90.223","NOT_A_NUMBER","username=matthew.hollick&password=kpopfan"
"250.229.41.249","200","username=matthew.hollick&password=kpopfan"
"185.125.175.39","503","keepalive"
"8.231.3.68","200","username=matthew.hollick&password=kpopfan"
"134.253.180.243","INVALID_JSON","username=matthew.hollick&password=kpopfan"
"62.31.12.203","200","keepalive"
"62.31.12.203","200","keepalive"
"62.31.12.203","200","username=matthew.hollick&password=kpopfan"
"91.181.87.132","INVALID_JSON","keepalive"
"241.242.234.100","503","keepalive"
"62.31.12.203","200","username=matthew.hollick&password=kpopfan"
"66.58.133.56","200","username=matthew.hollick&password=kpopfan"
"24.2.75.255","200","username=matthew.hollick&password=kpopfan"
"62.31.12.203","200","username=matthew.hollick&password=kpopfan"
"62.31.12.203","503","keepalive"
"62.31.12.203","503","username=matthew.hollick&password=kpopfan"
"27.129.113.221","503","keepalive"
"62.31.12.203","NOT_A_NUMBER","keepalive"
"62.31.12.203","200","keepalive"
"129.16.145.253","200","keepalive"
"195.82.131.225","200","keepalive"
"123.173.10.71","200","username=matthew.hollick&password=kpopfan"
"34.66.58.42","200","keepalive"
"62.31.12.203","503","keepalive"
"62.31.12.203","INVALID_JSON","keepalive"
"62.31.12.203","503","keepalive"
"171.170.77.13","NOT_A_NUMBER","username=matthew.hollick&password=kpopfan"
"62.31.12.203","200","username=matthew.hollick&password=kpopfan"
"253.251.62.4","200","keepalive"
"237.204.214.41","503","keepalive"
"85.25.64.40","503","keepalive"
"180.104.35.155","INVALID_JSON","username=matthew.hollick&password=kpopfan"
"62.31.12.203","NOT_A_NUMBER","keepalive"
"139.192.250.206","200","username=matthew.hollick&password=kpopfan"
"62.31.12.203","200","username=matthew.hollick&password=kpopfan"
"62.31.12.203","200","username=matthew.hollick&password=kpopfan"
"62.31.12.203","NOT_A_NUMBER","keepalive"
"62.31.12.203","200","keepalive"
"62.31.12.203","200","keepalive"
"62.31.12.203","NOT_A_NUMBER","username=matthew.hollick&password=kpopfan"
"61.16.12.173","503","keepalive"
"99.11.84.243","503","keepalive"
"62.31.12.203","503","username=matthew.hollick&password=kpopfan"
"49.125.12.221","503","username=matthew.hollick&password=kpopfan"
"36.155.29.70","200","keepalive"
"62.31.12.203","200","keepalive"
"62.31.12.203","INVALID_JSON","username=matthew.hollick&password=kpopfan"
"62.31.12.203","200","username=matthew.hollick&password=kpopfan"
"62.31.12.203","INVALID_JSON","keepalive"
"171.59.241.73","503","username=matthew.hollick&password=kpopfan"
"102.39.83.7","INVALID_JSON","username=matthew.hollick&password=kpopfan"
"57.121.23.38","503","username=matthew.hollick&password=kpopfan"
"177.250.241.188","INVALID_JSON","username=matthew.hollick&password=kpopfan"
"62.31.12.203","200","keepalive"
"62.31.12.203","NOT_A_NUMBER","keepalive"
"62.31.12.203","NOT_A_NUMBER","username=matthew.hollick&password=kpopfan"
"62.31.12.203","INVALID_JSON","username=matthew.hollick&password=kpopfan"
"62.31.12.203","NOT_A_NUMBER","username=matthew.hollick&password=kpopfan"
"163.84.85.91","200","username=matthew.hollick&password=kpopfan"
"178.180.22.158","503","username=matthew.hollick&password=kpopfan"
"14.208.39.12","200","keepalive"
"62.228.144.166","200","keepalive"
"62.31.12.203","200","username=matthew.hollick&password=kpopfan"
"138.119.176.91","503","keepalive"
"62.31.12.203","503","username=matthew.hollick&password=kpopfan"
"62.31.12.203","200","username=matthew.hollick&password=kpopfan"
"171.143.215.76","503","keepalive"
"62.31.12.203","200","username=matthew.hollick&password=kpopfan"
"7.61.29.117","200","username=matthew.hollick&password=kpopfan"
"234.129.140.125","200","keepalive"
"83.185.206.26","200","username=matthew.hollick&password=kpopfan"
"235.130.219.191","200","keepalive"
"62.31.12.203","INVALID_JSON","keepalive"
"246.160.117.243","200","username=matthew.hollick&password=kpopfan"
"62.31.12.203","200","username=matthew.hollick&password=kpopfan"
"150.143.221.91","200","username=matthew.hollick&password=kpopfan"
"154.182.214.88","503","username=matthew.hollick&password=kpopfan"
"62.31.12.203","503","keepalive"
"190.27.179.60","200","username=matthew.hollick&password=kpopfan"
"62.31.12.203","503","username=matthew.hollick&password=kpopfan"
"90.172.40.157","INVALID_JSON","username=matthew.hollick&password=kpopfan"
"62.31.12.203","200","username=matthew.hollick&password=kpopfan"
"198.79.122.230","200","username=matthew.hollick&password=kpopfan"
"62.31.12.203","503","username=matthew.hollick&password=kpopfan"
"62.31.12.203","200","username=matthew.hollick&password=kpopfan"
"62.31.12.203","503","keepalive"
"1.186.240.55","200","keepalive"
"40.118.56.12","200","username=matthew.hollick&password=kpopfan"
"183.35.57.153","200","username=matthew.hollick&password=kpopfan"
"62.31.12.203","200","username=matthew.hollick&password=kpopfan"
"12.225.183.2","200","username=matthew.hollick&password=kpopfan"
"232.31.53.149","NOT_A_NUMBER","username=matthew.hollick&password=kpopfan"
"7.44.31.55","200","keepalive"
"62.31.12.203","200","username=matthew.hollick&password=kpopfan"
"62.31.12.203","503","keepalive"
"62.31.12.203","503","keepalive"
"62.31.12.203","200","keepalive"
"167.37.169.68","INVALID_JSON","username=matthew.hollick&password=kpopfan"
"197.208.99.111","200","username=matthew.hollick&password=kpopfan"
"74.116.179.160","200","username=matthew.hollick&password=kpopfan"
"132.7.172.230","200","username=matthew.hollick&password=kpopfan"
"62.31.12.203","200","keepalive"
"62.31.12.203","200","username=matthew.hollick&password=kpopfan"
"9.151.226.36","INVALID_JSON","keepalive"
"221.217.71.214","200","keepalive"
"2.245.73.251","200","username=matthew.hollick&password=kpopfan"
"62.31.12.203","200","username=matthew.hollick&password=kpopfan"
"62.31.12.203","200","keepalive"
"247.51.54.242","200","username=matthew.hollick&password=kpopfan"
"62.31.12.203","INVALID_JSON","keepalive"
"70.236.10.50","INVALID_JSON","keepalive"
"183.149.45.113","200","keepalive"
"62.31.12.203","503","username=matthew.hollick&password=kpopfan"
"150.136.3.250","200","username=matthew.hollick&password=kpopfan"
"67.185.248.163","503","username=matthew.hollick&password=kpopfan"
"62.31.12.203","200","username=matthew.hollick&password=kpopfan"
"62.31.12.203","INVALID_JSON","keepalive"
"62.31.12.203","200","keepalive"
"62.31.12.203","200","username=matthew.hollick&password=kpopfan"
"62.31.12.203","200","keepalive"
"181.104.1.58","503","username=matthew.hollick&password=kpopfan"
"228.53.88.96","503","keepalive"
"16.242.133.93","200","username=matthew.hollick&password=kpopfan"
"33.248.9.244","200","keepalive"
"99.94.57.197","200","keepalive"
"62.31.12.203","200","keepalive"
"62.31.12.203","200","username=matthew.hollick&password=kpopfan"
"226.111.56.62","200","username=matthew.hollick&password=kpopfan"
"253.252.253.209","200","username=matthew.hollick&password=kpopfan"
"12.224.196.61","INVALID_JSON","keepalive"
"62.31.12.203","200","keepalive"
"84.199.8.211","200","username=matthew.hollick&password=kpopfan"
"62.31.12.203","200","username=matthew.hollick&password=kpopfan"
"223.97.144.132","200","keepalive"
"83.188.227.218","200","username=matthew.hollick&password=kpopfan"
"62.31.12.203","200","username=matthew.hollick&password=kpopfan"
"162.2.193.165","INVALID_JSON","username=matthew.hollick&password=kpopfan"
"62.31.12.203","NOT_A_NUMBER","username=matthew.hollick&password=kpopfan"
"62.31.12.203","200","username=matthew.hollick&password=kpopfan"
"62.31.12.203","503","username=matthew.hollick&password=kpopfan"
"62.31.12.203","200","keepalive"
"146.46.64.35","200","username=matthew.hollick&password=kpopfan"
"180.171.196.196","200","keepalive"
"62.31.12.203","200","username=matthew.hollick&password=kpopfan"
"62.31.12.203","200","keepalive"
"62.31.12.203","200","username=matthew.hollick&password=kpopfan"
"228.182.142.64","200","username=matthew.hollick&password=kpopfan"
"62.31.12.203","503","keepalive"
"62.31.12.203","200","keepalive"
"105.127.184.42","200","username=matthew.hollick&password=kpopfan"
"177.176.147.130","200","username=matthew.hollick&password=kpopfan"
"62.31.12.203","200","keepalive"
"62.31.12.203","200","keepalive"
"131.84.79.218","200","username=matthew.hollick&password=kpopfan"
"62.31.12.203","200","username=matthew.hollick&password=kpopfan"
"84.154.203.185","200","username=matthew.hollick&password=kpopfan"
"62.31.12.203","200","username=matthew.hollick&password=kpopfan"
"62.31.12.203","503","username=matthew.hollick&password=kpopfan"
"85.243.166.170","200","keepalive"
"62.31.12.203","NOT_A_NUMBER","keepalive"
"62.31.12.203","INVALID_JSON","username=matthew.hollick&password=kpopfan"
"101.205.235.39","200","username=matthew.hollick&password=kpopfan"
"235.161.18.112","200","username=matthew.hollick&password=kpopfan"
"62.31.12.203","200","username=matthew.hollick&password=kpopfan"
"236.97.109.65","INVALID_JSON","username=matthew.hollick&password=kpopfan"
"192.79.235.69","200","username=matthew.hollick&password=kpopfan"
"224.130.200.202","200","username=matthew.hollick&password=kpopfan"
"191.150.101.229","200","keepalive"
"55.33.6.60","200","username=matthew.hollick&password=kpopfan"
"62.31.12.203","503","keepalive"
"77.110.221.180","NOT_A_NUMBER","username=matthew.hollick&password=kpopfan"
"81.152.181.148","200","username=matthew.hollick&password=kpopfan"
"77.148.158.192","200","keepalive"
"98.113.254.168","503","keepalive"
"91.136.181.22","503","keepalive"
"2.184.96.210","503","keepalive"
"236.13.21.227","200","username=matthew.hollick&password=kpopfan"
"62.31.12.203","503","keepalive"
"185.165.60.174","503","username=matthew.hollick&password=kpopfan"
"62.31.12.203","200","keepalive"
"62.31.12.203","200","username=matthew.hollick&password=kpopfan"
"62.31.12.203","200","keepalive"
"117.44.64.227","503","keepalive"
"15.214.185.48","200","keepalive"
"218.169.12.174","INVALID_JSON","username=matthew.hollick&password=kpopfan"
"94.72.4.194","200","keepalive"
"204.160.201.175","200","keepalive"
"62.31.12.203","200","keepalive"
"62.31.12.203","200","username=matthew.hollick&password=kpopfan"
"62.31.12.203","200","keepalive"
"62.31.12.203","200","keepalive"
"122.240.131.200","503","username=matthew.hollick&password=kpopfan"
"62.31.12.203","200","username=matthew.hollick&password=kpopfan"
"62.31.12.203","200","username=matthew.hollick&password=kpopfan"
"62.31.12.203","200","keepalive"
"153.26.40.14","503","username=matthew.hollick&password=kpopfan"
"37.243.0.163","INVALID_JSON","username=matthew.hollick&password=kpopfan"
"64.8.186.4","503","keepalive"
"76.221.18.212","200","keepalive"
"157.20.1.105","INVALID_JSON","keepalive"
"102.155.90.37","200","keepalive"
"231.95.101.198","INVALID_JSON","username=matthew.hollick&password=kpopfan"
"62.31.12.203","200","username=matthew.hollick&password=kpopfan"
"62.31.12.203","200","keepalive"
"62.31.12.203","NOT_A_NUMBER","username=matthew.hollick&password=kpopfan"
"62.31.12.203","200","username=matthew.hollick&password=kpopfan"
"62.31.12.203","503","keepalive"
"1.21.194.251","200","username=matthew.hollick&password=kpopfan"
"62.31.12.203","200","keepalive"
"112.248.132.210","NOT_A_NUMBER","keepalive"
"155.254.130.16","200","username=matthew.hollick&password=kpopfan"
"62.31.12.203","200","username=matthew.hollick&password=kpopfan"
"62.31.12.203","INVALID_JSON","keepalive"
"213.136.73.133","200","keepalive"
"211.170.185.125","200","username=matthew.hollick&password=kpopfan"
"62.31.12.203","200","username=matthew.hollick&password=kpopfan"
"62.31.12.203","INVALID_JSON","username=matthew.hollick&password=kpopfan"
"108.35.235.108","200","keepalive"
"174.141.145.69","200","username=matthew.hollick&password=kpopfan"
"62.31.12.203","200","keepalive"
"62.31.12.203","200","keepalive"
"136.43.206.144","200","keepalive"
"53.47.29.204","200","keepalive"
"224.17.213.169","200","keepalive"
"62.31.12.203","503","username=matthew.hollick&password=kpopfan"
"62.31.12.203","503","keepalive"
"68.24.143.57","200","keepalive"
"62.31.12.203","200","keepalive"
"171.67.255.89","200","keepalive"
"62.31.12.203","503","username=matthew.hollick&password=kpopfan"
"62.31.12.203","INVALID_JSON","keepalive"
"71.126.26.118","200","keepalive"
"115.202.212.96","200","keepalive"
"195.240.14.96","200","username=matthew.hollick&password=kpopfan"
"62.31.12.203","200","keepalive"
"62.31.12.203","200","keepalive"
"43.47.59.121","NOT_A_NUMBER","username=matthew.hollick&password=kpopfan"
"62.31.12.203","200","username=matthew.hollick&password=kpopfan"
"143.48.31.137","NOT_A_NUMBER","username=matthew.hollick&password=kpopfan"
"62.31.12.203","200","keepalive"
"198.234.168.191","200","keepalive"
"62.31.12.203","200","keepalive"
"201.160.217.124","200","username=matthew.hollick&password=kpopfan"
"62.31.12.203","NOT_A_NUMBER","keepalive"
"62.31.12.203","200","username=matthew.hollick&password=kpopfan"
"62.31.12.203","INVALID_JSON","keepalive"
"62.31.12.203","200","keepalive"
"62.31.12.203","INVALID_JSON","username=matthew.hollick&password=kpopfan"
"167.104.102.114","NOT_A_NUMBER","keepalive"
"126.252.99.151","503","username=matthew.hollick&password=kpopfan"
"62.31.12.203","NOT_A_NUMBER","keepalive"
"48.30.77.76","NOT_A_NUMBER","keepalive"
"171.15.231.29","200","username=matthew.hollick&password=kpopfan"
"62.31.12.203","NOT_A_NUMBER","username=matthew.hollick&password=kpopfan"
"176.205.218.47","INVALID_JSON","username=matthew.hollick&password=kpopfan"
"215.201.64.222","INVALID_JSON","keepalive"
"62.31.12.203","200","keepalive"
"227.118.105.56","200","keepalive"
"6.139.218.1","200","username=matthew.hollick&password=kpopfan"
"62.31.12.203","200","keepalive"
"219.248.116.229","200","keepalive"
"86.145.85.226","200","username=matthew.hollick&password=kpopfan"
"99.200.15.31","NOT_A_NUMBER","username=matthew.hollick&password=kpopfan"
"62.31.12.203","NOT_A_NUMBER","keepalive"
"62.31.12.203","200","keepalive"
"53.35.170.4","200","keepalive"
"184.123.162.26","503","username=matthew.hollick&password=kpopfan"
"181.75.27.45","200","username=matthew.hollick&password=kpopfan"
"120.220.39.167","NOT_A_NUMBER","username=matthew.hollick&password=kpopfan"
"117.107.83.188","200","username=matthew.hollick&password=kpopfan"
"22.1.78.132","200","username=matthew.hollick&password=kpopfan"
"223.213.95.214","INVALID_JSON","username=matthew.hollick&password=kpopfan"
"62.31.12.203","200","keepalive"
"157.47.204.230","NOT_A_NUMBER","username=matthew.hollick&password=kpopfan"
"67.176.129.220","200","keepalive"
"3.190.115.138","200","keepalive"
"62.31.12.203","503","keepalive"
"41.158.229.129","INVALID_JSON","keepalive"
"62.31.12.203","503","username=matthew.hollick&password=kpopfan"
"62.31.12.203","503","username=matthew.hollick&password=kpopfan"
"62.31.12.203","200","username=matthew.hollick&password=kpopfan"
"62.31.12.203","200","keepalive"
"76.172.146.52","503","username=matthew.hollick&password=kpopfan"
"247.230.255.14","INVALID_JSON","username=matthew.hollick&password=kpopfan"
"62.31.12.203","200","username=matthew.hollick&password=kpopfan"
"218.88.148.252","NOT_A_NUMBER","keepalive"
"62.31.12.203","200","keepalive"
"34.98.247.79","503","username=matthew.hollick&password=kpopfan"
"62.31.12.203","200","keepalive"
"30.205.251.144","200","username=matthew.hollick&password=kpopfan"
"62.31.12.203","200","username=matthew.hollick&password=kpopfan"
"62.31.12.203","503","keepalive"
"62.31.12.203","200","username=matthew.hollick&password=kpopfan"
"62.31.12.203","200","username=matthew.hollick&password=kpopfan"
"46.154.149.55","200","username=matthew.hollick&password=kpopfan"
"62.31.12.203","503","keepalive"
"149.18.72.76","503","keepalive"
"192.187.230.178","200","username=matthew.hollick&password=kpopfan"
"88.59.127.208","NOT_A_NUMBER","username=matthew.hollick&password=kpopfan"
"243.111.150.103","INVALID_JSON","keepalive"
"62.31.12.203","200","keepalive"
"231.64.81.104","200","keepalive"
"62.31.12.203","503","keepalive"
"190.245.196.186","INVALID_JSON","username=matthew.hollick&password=kpopfan"
"62.31.12.203","200","keepalive"
"98.131.199.167","200","username=matthew.hollick&password=kpopfan"
"62.31.12.203","INVALID_JSON","username=matthew.hollick&password=kpopfan"
"62.31.12.203","503","keepalive"
"62.31.12.203","200","keepalive"
"62.31.12.203","200","username=matthew.hollick&password=kpopfan"
"12.42.168.161","503","username=matthew.hollick&password=kpopfan"
"62.31.12.203","200","keepalive"
"62.31.12.203","NOT_A_NUMBER","keepalive"
"176.162.208.234","200","username=matthew.hollick&password=kpopfan"
"62.31.12.203","200","username=matthew.hollick&password=kpopfan"
"62.31.12.203","200","keepalive"
"62.31.12.203","503","username=matthew.hollick&password=kpopfan"
"192.46.97.250","200","keepalive"
"62.31.12.203","INVALID_JSON","username=matthew.hollick&password=kpopfan"
"147.200.217.124","503","username=matthew.hollick&password=kpopfan"
"62.31.12.203","200","username=matthew.hollick&password=kpopfan"
"159.239.37.60","INVALID_JSON","keepalive"
"62.31.12.203","200","keepalive"
"125.179.80.64","NOT_A_NUMBER","keepalive"
"62.31.12.203","200","keepalive"
"155.51.15.30","200","keepalive"
"250.217.248.93","200","keepalive"
"204.209.249.145","200","keepalive"
"62.31.12.203","503","keepalive"
"62.31.12.203","200","keepalive"
"62.31.12.203","NOT_A_NUMBER","keepalive"
"62.31.12.203","NOT_A_NUMBER","username=matthew.hollick&password=kpopfan"
"62.31.12.203","503","username=matthew.hollick&password=kpopfan"
"62.31.12.203","NOT_A_NUMBER","keepalive"
"62.31.12.203","200","keepalive"
"92.246.233.99","200","keepalive"
"62.31.12.203","503","keepalive"
"70.229.174.153","503","username=matthew.hollick&password=kpopfan"
"62.31.12.203","200","keepalive"
"62.31.12.203","503","username=matthew.hollick&password=kpopfan"
"62.31.12.203","200","username=matthew.hollick&password=kpopfan"
"191.178.215.136","200","keepalive"
"107.46.222.178","200","keepalive"
"188.148.13.186","200","username=matthew.hollick&password=kpopfan"
"62.31.12.203","200","keepalive"
"212.12.21.13","INVALID_JSON","username=matthew.hollick&password=kpopfan"
"62.31.12.203","200","username=matthew.hollick&password=kpopfan"
"157.172.245.251","200","keepalive"
"240.20.148.99","200","keepalive"
"16.59.32.166","200","username=matthew.hollick&password=kpopfan"
"64.59.102.230","200","username=matthew.hollick&password=kpopfan"
"3.245.157.114","200","username=matthew.hollick&password=kpopfan"
"0.225.175.208","200","username=matthew.hollick&password=kpopfan"
"78.160.184.79","NOT_A_NUMBER","keepalive"
"251.132.226.80","200","username=matthew.hollick&password=kpopfan"
"219.143.71.199","200","username=matthew.hollick&password=kpopfan"
"201.64.175.61","503","keepalive"
"62.31.12.203","200","username=matthew.hollick&password=kpopfan"
"62.31.12.203","200","keepalive"
"20.112.61.79","200","username=matthew.hollick&password=kpopfan"
"62.31.12.203","200","keepalive"
"62.31.12.203","503","username=matthew.hollick&password=kpopfan"
"62.31.12.203","200","keepalive"
"62.31.12.203","200","username=matthew.hollick&password=kpopfan"
"62.31.12.203","200","username=matthew.hollick&password=kpopfan"
"56.42.128.248","200","username=matthew.hollick&password=kpopfan"
"62.31.12.203","INVALID_JSON","username=matthew.hollick&password=kpopfan"
"75.69.126.3","200","keepalive"
"150.217.20.82","200","username=matthew.hollick&password=kpopfan"
"184.160.82.92","503","username=matthew.hollick&password=kpopfan"
"158.109.171.71","INVALID_JSON","keepalive"
"62.31.12.203","503","username=matthew.hollick&password=kpopfan"
"255.207.225.110","200","username=matthew.hollick&password=kpopfan"
"62.31.12.203","NOT_A_NUMBER","keepalive"
"62.31.12.203","200","keepalive"
"62.31.12.203","503","keepalive"
"38.228.90.239","NOT_A_NUMBER","username=matthew.hollick&password=kpopfan"
"62.31.12.203","200","username=matthew.hollick&password=kpopfan"
"62.31.12.203","200","username=matthew.hollick&password=kpopfan"
"62.31.12.203","INVALID_JSON","username=matthew.hollick&password=kpopfan"
"62.31.12.203","503","keepalive"
"62.31.12.203","200","keepalive"
"122.47.98.33","200","username=matthew.hollick&password=kpopfan"
"188.113.80.118","200","username=matthew.hollick&password=kpopfan"
"116.227.102.92","200","keepalive"
"62.31.12.203","200","username=matthew.hollick&password=kpopfan"
"62.31.12.203","200","keepalive"
"243.59.254.69","200","username=matthew.hollick&password=kpopfan"
"62.31.12.203","200","keepalive"
"210.72.72.113","200","keepalive"
"235.17.179.96","200","username=matthew.hollick&password=kpopfan"
"156.225.146.144","200","username=matthew.hollick&password=kpopfan"
"62.31.12.203","INVALID_JSON","keepalive"
"62.31.12.203","503","keepalive"
"62.31.12.203","200","username=matthew.hollick&password=kpopfan"
"62.31.12.203","NOT_A_NUMBER","username=matthew.hollick&password=kpopfan"
"198.9.132.23","200","keepalive"
"176.150.243.108","200","username=matthew.hollick&password=kpopfan"
"98.159.112.39","200","username=matthew.hollick&password=kpopfan"
"41.89.224.11","503","username=matthew.hollick&password=kpopfan"
"62.31.12.203","503","username=matthew.hollick&password=kpopfan"
"62.31.12.203","503","keepalive"
"62.31.12.203","200","keepalive"
"106.26.91.2","NOT_A_NUMBER","username=matthew.hollick&password=kpopfan"
"249.186.110.207","NOT_A_NUMBER","keepalive"
"62.31.12.203","503","keepalive"
"157.122.164.172","503","keepalive"
"101.153.143.113","200","username=matthew.hollick&password=kpopfan"
"13.138.172.161","NOT_A_NUMBER","keepalive"
"63.121.13.233","200","username=matthew.hollick&password=kpopfan"
"107.92.95.156","NOT_A_NUMBER","keepalive"
"55.252.57.100","200","username=matthew.hollick&password=kpopfan"
"62.31.12.203","200","keepalive"
"62.31.12.203","200","username=matthew.hollick&password=kpopfan"
"221.16.97.59","503","username=matthew.hollick&password=kpopfan"
"37.179.79.242","503","keepalive"
"14.197.173.45","200","keepalive"
"62.31.12.203","200","keepalive"
"4.109.123.137","200","username=matthew.hollick&password=kpopfan"
"34.57.161.159","200","keepalive"
"62.31.12.203","INVALID_JSON","username=matthew.hollick&password=kpopfan"
"213.171.119.102","200","keepalive"
"93.136.156.132","200","username=matthew.hollick&password=kpopfan"
"62.31.12.203","INVALID_JSON","username=matthew.hollick&password=kpopfan"
"62.31.12.203","200","username=matthew.hollick&password=kpopfan"
"62.31.12.203","NOT_A_NUMBER","keepalive"
"62.31.12.203","503","username=matthew.hollick&password=kpopfan"
"51.38.197.7","200","username=matthew.hollick&password=kpopfan"
"129.172.77.77","200","keepalive"
"62.31.12.203","200","keepalive"
"103.44.232.237","200","username=matthew.hollick&password=kpopfan"
"62.31.12.203","INVALID_JSON","username=matthew.hollick&password=kpopfan"
"15.171.118.58","200","username=matthew.hollick&password=kpopfan"
"131.27.196.37","503","username=matthew.hollick&password=kpopfan"
"62.31.12.203","200","username=matthew.hollick&password=kpopfan"
"132.139.33.15","200","keepalive"
"190.38.246.149","200","username=matthew.hollick&password=kpopfan"
"13.104.182.243","503","username=matthew.hollick&password=kpopfan"
"62.31.12.203","503","username=matthew.hollick&password=kpopfan"
"62.31.12.203","200","keepalive"
"62.31.12.203","200","keepalive"
"62.31.12.203","200","keepalive"
"62.31.12.203","INVALID_JSON","username=matthew.hollick&password=kpopfan"
"226.106.218.248","200","username=matthew.hollick&password=kpopfan"
"62.31.12.203","200","keepalive"
"62.31.12.203","200","keepalive"
"62.31.12.203","200","username=matthew.hollick&password=kpopfan"
"154.140.120.183","NOT_A_NUMBER","username=matthew.hollick&password=kpopfan"
"62.31.12.203","503","keepalive"
"139.147.107.191","NOT_A_NUMBER","keepalive"
"175.109.193.213","200","keepalive"
"62.31.12.203","200","keepalive"
"111.131.221.111","200","username=matthew.hollick&password=kpopfan"
"62.31.12.203","200","username=matthew.hollick&password=kpopfan"
"62.31.12.203","200","keepalive"
"62.31.12.203","200","username=matthew.hollick&password=kpopfan"
"86.90.104.216","200","keepalive"
"241.206.190.76","200","keepalive"
"62.31.12.203","200","keepalive"
"62.31.12.203","200","keepalive"
"62.31.12.203","200","username=matthew.hollick&password=kpopfan"
"33.55.141.142","200","keepalive"
"62.31.12.203","503","keepalive"
"27.232.74.240","200","keepalive"
"77.33.137.59","200","username=matthew.hollick&password=kpopfan"
"6.240.98.20","200","keepalive"
"197.225.77.69","200","username=matthew.hollick&password=kpopfan"
"62.31.12.203","503","username=matthew.hollick&password=kpopfan"
"62.31.12.203","NOT_A_NUMBER","keepalive"
"62.31.12.203","200","username=matthew.hollick&password=kpopfan"
"62.31.12.203","200","username=matthew.hollick&password=kpopfan"
"34.97.14.44","INVALID_JSON","keepalive"
"3.93.135.235","200","keepalive"
"62.31.12.203","503","username=matthew.hollick&password=kpopfan"
"62.31.12.203","200","keepalive"
"62.31.12.203","200","username=matthew.hollick&password=kpopfan"
"27.193.169.10","200","keepalive"
"62.31.12.203","200","username=matthew.hollick&password=kpopfan"
"62.31.12.203","200","username=matthew.hollick&password=kpopfan"
"125.248.25.33","503","username=matthew.hollick&password=kpopfan"
"243.90.237.44","503","keepalive"
"62.31.12.203","200","username=matthew.hollick&password=kpopfan"
"62.31.12.203","200","keepalive"
"190.53.247.56","200","username=matthew.hollick&password=kpopfan"
"122.52.118.0","NOT_A_NUMBER","keepalive"
"62.31.12.203","NOT_A_NUMBER","keepalive"
"222.20.95.80","INVALID_JSON","username=matthew.hollick&password=kpopfan"
"62.31.12.203","503","keepalive"
"153.13.139.102","200","keepalive"
"126.24.130.91","NOT_A_NUMBER","username=matthew.hollick&password=kpopfan"
"62.31.12.203","200","username=matthew.hollick&password=kpopfan"
"62.31.12.203","200","username=matthew.hollick&password=kpopfan"
"153.200.201.139","200","keepalive"
"86.79.46.94","INVALID_JSON","username=matthew.hollick&password=kpopfan"
"62.31.12.203","200","username=matthew.hollick&password=kpopfan"
"62.31.12.203","200","username=matthew.hollick&password=kpopfan"
"130.123.80.65","503","keepalive"
"62.31.12.203","200","username=matthew.hollick&password=kpopfan"
"158.233.196.58","200","username=matthew.hollick&password=kpopfan"
"62.31.12.203","200","username=matthew.hollick&password=kpopfan"
"215.213.11.34","200","username=matthew.hollick&password=kpopfan"
"62.31.12.203","NOT_A_NUMBER","keepalive"
"229.228.117.175","200","username=matthew.hollick&password=kpopfan"
"62.31.12.203","200","username=matthew.hollick&password=kpopfan"
"73.199.105.15","200","username=matthew.hollick&password=kpopfan"
"56.0.13.166","200","keepalive"
"142.168.230.65","503","username=matthew.hollick&password=kpopfan"
"6.64.248.90","INVALID_JSON","keepalive"
"62.31.12.203","200","keepalive"
"62.31.12.203","200","keepalive"
"79.37.147.120","200","keepalive"
"62.31.12.203","200","keepalive"
"56.44.157.112","200","username=matthew.hollick&password=kpopfan"
"37.170.248.70","200","username=matthew.hollick&password=kpopfan"
"70.61.119.97","INVALID_JSON","keepalive"
"39.16.35.94","200","keepalive"
"62.31.12.203","503","username=matthew.hollick&password=kpopfan"
"142.133.50.252","503","username=matthew.hollick&password=kpopfan"
"55.228.91.124","503","username=matthew.hollick&password=kpopfan"
"62.31.12.203","200","keepalive"
"225.89.121.198","NOT_A_NUMBER","keepalive"
"214.188.161.10","200","keepalive"
"62.31.12.203","503","username=matthew.hollick&password=kpopfan"
"65.150.161.112","503","keepalive"
"62.31.12.203","NOT_A_NUMBER","keepalive"
"159.66.140.179","200","username=matthew.hollick&password=kpopfan"
"62.31.12.203","200","username=matthew.hollick&password=kpopfan"
"83.222.109.86","200","keepalive"
"145.43.178.132","NOT_A_NUMBER","keepalive"
"87.59.37.176","200","username=matthew.hollick&password=kpopfan"
"118.239.180.189","200","keepalive"
"62.31.12.203","200","username=matthew.hollick&password=kpopfan"
"62.31.12.203","503","keepalive"
"62.31.12.203","200","username=matthew.hollick&password=kpopfan"
"231.66.136.217","503","username=matthew.hollick&password=kpopfan"
"43.37.11.120","503","username=matthew.hollick&password=kpopfan"
"123.75.88.192","200","keepalive"
"94.75.237.254","200","keepalive"
"62.31.12.203","200","username=matthew.hollick&password=kpopfan"
"62.31.12.203","200","username=matthew.hollick&password=kpopfan"
"73.239.180.116","200","username=matthew.hollick&password=kpopfan"
"62.31.12.203","INVALID_JSON","username=matthew.hollick&password=kpopfan"
"34.28.183.43","200","username=matthew.hollick&password=kpopfan"
"62.31.12.203","200","username=matthew.hollick&password=kpopfan"
"62.31.12.203","200","username=matthew.hollick&password=kpopfan"
"62.31.12.203","200","username=matthew.hollick&password=kpopfan"
"62.31.12.203","200","username=matthew.hollick&password=kpopfan"
"132.113.78.29","503","username=matthew.hollick&password=kpopfan"
"62.31.12.203","200","username=matthew.hollick&password=kpopfan"
"62.31.12.203","503","keepalive"
"62.31.12.203","200","username=matthew.hollick&password=kpopfan"
"62.31.12.203","INVALID_JSON","username=matthew.hollick&password=kpopfan"
"62.31.12.203","200","keepalive"
"152.85.188.150","NOT_A_NUMBER","keepalive"
"249.227.180.210","200","keepalive"
"197.183.204.54","200","keepalive"
"146.164.223.5","503","username=matthew.hollick&password=kpopfan"
"62.31.12.203","200","keepalive"
"192.12.110.118","200","keepalive"
"62.31.12.203","503","keepalive"
"62.31.12.203","200","keepalive"
"83.88.255.167","503","keepalive"
"168.115.107.0","200","username=matthew.hollick&password=kpopfan"
"32.81.190.102","200","keepalive"
"62.31.12.203","200","username=matthew.hollick&password=kpopfan"
"62.31.12.203","503","keepalive"
"173.128.228.163","200","keepalive"
"62.31.12.203","503","keepalive"
"62.31.12.203","503","username=matthew.hollick&password=kpopfan"
"62.31.12.203","200","username=matthew.hollick&password=kpopfan"
"62.31.12.203","NOT_A_NUMBER","keepalive"
"65.251.170.123","200","keepalive"
"143.133.168.95","200","username=matthew.hollick&password=kpopfan"
"37.164.99.111","200","username=matthew.hollick&password=kpopfan"
"62.31.12.203","503","keepalive"
"78.99.4.236","503","keepalive"
"168.181.5.65","200","username=matthew.hollick&password=kpopfan"
"62.31.12.203","200","keepalive"
"194.102.116.248","200","keepalive"
"167.58.174.239","503","username=matthew.hollick&password=kpopfan"
"100.38.30.38","200","username=matthew.hollick&password=kpopfan"
"70.12.106.65","200","keepalive"
"38.117.63.37","200","username=matthew.hollick&password=kpopfan"
"30.143.73.24","INVALID_JSON","username=matthew.hollick&password=kpopfan"
"62.31.12.203","200","username=matthew.hollick&password=kpopfan"
"62.31.12.203","200","username=matthew.hollick&password=kpopfan"
"62.31.12.203","200","keepalive"
"69.46.109.61","503","username=matthew.hollick&password=kpopfan"
"29.66.113.206","200","keepalive"
"62.31.12.203","200","keepalive"
"62.31.12.203","200","username=matthew.hollick&password=kpopfan"
"105.176.129.58","200","keepalive"
"68.117.236.69","200","keepalive"
"62.31.12.203","503","keepalive"
"122.11.91.19","NOT_A_NUMBER","keepalive"
"62.31.12.203","200","keepalive"
"211.245.32.155","200","username=matthew.hollick&password=kpopfan"
"210.241.102.88","200","username=matthew.hollick&password=kpopfan"
"62.31.12.203","503","username=matthew.hollick&password=kpopfan"
"62.31.12.203","INVALID_JSON","keepalive"
"62.31.12.203","200","keepalive"
"62.31.12.203","200","keepalive"
"62.31.12.203","200","username=matthew.hollick&password=kpopfan"
"118.65.40.33","200","username=matthew.hollick&password=kpopfan"
"241.233.136.125","200","keepalive"
"36.145.244.144","200","username=matthew.hollick&password=kpopfan"
"164.152.251.196","200","keepalive"
"62.31.12.203","503","username=matthew.hollick&password=kpopfan"
"57.102.33.221","200","username=matthew.hollick&password=kpopfan"
"223.36.46.9","200","keepalive"
"152.21.154.163","NOT_A_NUMBER","keepalive"
"62.31.12.203","NOT_A_NUMBER","keepalive"
"112.175.133.165","200","keepalive"
"62.31.12.203","200","username=matthew.hollick&password=kpopfan"
"62.31.12.203","200","keepalive"
"62.31.12.203","200","username=matthew.hollick&password=kpopfan"
"62.31.12.203","503","keepalive"
"62.31.12.203","200","username=matthew.hollick&password=kpopfan"
"142.158.189.37","NOT_A_NUMBER","keepalive"
"195.50.142.39","200","keepalive"
"123.82.24.241","200","username=matthew.hollick&password=kpopfan"
"62.31.12.203","503","username=matthew.hollick&password=kpopfan"
"62.31.12.203","200","keepalive"
"62.31.12.203","200","username=matthew.hollick&password=kpopfan"
"81.24.76.35","200","username=matthew.hollick&password=kpopfan"
"97.204.3.209","200","username=matthew.hollick&password=kpopfan"
"179.162.221.232","NOT_A_NUMBER","username=matthew.hollick&password=kpopfan"
"83.228.187.240","503","keepalive"
"243.173.120.206","503","keepalive"
"2.134.182.221","503","keepalive"
"206.115.98.142","200","keepalive"
"84.3.186.155","200","keepalive"
"62.31.12.203","200","username=matthew.hollick&password=kpopfan"
"62.31.12.203","INVALID_JSON","keepalive"
"23.22.168.27","NOT_A_NUMBER","keepalive"
"62.31.12.203","503","username=matthew.hollick&password=kpopfan"
"157.155.166.28","200","username=matthew.hollick&password=kpopfan"
"62.31.12.203","NOT_A_NUMBER","keepalive"
"250.246.195.231","200","username=matthew.hollick&password=kpopfan"
"163.172.205.39","NOT_A_NUMBER","keepalive"
"138.178.200.19","200","username=matthew.hollick&password=kpopfan"
"187.244.14.144","NOT_A_NUMBER","username=matthew.hollick&password=kpopfan"
"62.31.12.203","200","keepalive"
"11.51.157.170","200","username=matthew.hollick&password=kpopfan"
"58.34.191.214","200","keepalive"
"62.31.12.203","200","username=matthew.hollick&password=kpopfan"
"62.31.12.203","200","keepalive"
"62.31.12.203","NOT_A_NUMBER","username=matthew.hollick&password=kpopfan"
"131.162.232.98","200","username=matthew.hollick&password=kpopfan"
"62.31.12.203","200","username=matthew.hollick&password=kpopfan"
"125.129.59.168","INVALID_JSON","username=matthew.hollick&password=kpopfan"
"62.31.12.203","200","username=matthew.hollick&password=kpopfan"
"254.132.28.190","503","username=matthew.hollick&password=kpopfan"
"240.103.196.149","503","keepalive"
"62.31.12.203","200","username=matthew.hollick&password=kpopfan"
"109.226.13.193","200","username=matthew.hollick&password=kpopfan"
"53.87.168.170","NOT_A_NUMBER","keepalive"
"56.29.46.45","NOT_A_NUMBER","keepalive"
"62.31.12.203","200","keepalive"
"62.31.12.203","200","username=matthew.hollick&password=kpopfan"
"89.220.237.97","200","username=matthew.hollick&password=kpopfan"
"195.105.134.138","200","keepalive"
"62.31.12.203","NOT_A_NUMBER","username=matthew.hollick&password=kpopfan"
"153.207.88.235","200","keepalive"
"62.31.12.203","503","keepalive"
"133.237.152.199","INVALID_JSON","keepalive"
"62.31.12.203","INVALID_JSON","username=matthew.hollick&password=kpopfan"
"62.31.12.203","503","keepalive"
"183.206.184.11","503","username=matthew.hollick&password=kpopfan"
"62.31.12.203","NOT_A_NUMBER","keepalive"
"153.5.241.71","200","keepalive"
"62.31.12.203","200","keepalive"
"235.94.214.73","503","keepalive"
"62.31.12.203","200","username=matthew.hollick&password=kpopfan"
"62.31.12.203","NOT_A_NUMBER","username=matthew.hollick&password=kpopfan"
"176.216.196.154","NOT_A_NUMBER","keepalive"
"216.9.129.8","503","username=matthew.hollick&password=kpopfan"
"62.31.12.203","200","keepalive"
"25.177.13.138","200","keepalive"
"238.129.203.164","INVALID_JSON","username=matthew.hollick&password=kpopfan"
"62.31.12.203","200","username=matthew.hollick&password=kpopfan"
"2.22.240.60","200","keepalive"
"62.31.12.203","200","username=matthew.hollick&password=kpopfan"
"62.31.12.203","200","keepalive"
"62.31.12.203","200","username=matthew.hollick&password=kpopfan"
"181.219.0.63","200","keepalive"
"148.214.166.110","200","keepalive"
"62.31.12.203","200","keepalive"
"248.51.244.186","503","keepalive"
"153.244.86.60","200","keepalive"
"62.31.12.203","503","username=matthew.hollick&password=kpopfan"
"108.114.96.60","200","keepalive"
"242.207.143.39","INVALID_JSON","keepalive"
"110.149.201.105","NOT_A_NUMBER","keepalive"
"42.29.169.172","INVALID_JSON","username=matthew.hollick&password=kpopfan"
"62.31.12.203","503","username=matthew.hollick&password=kpopfan"
